scenario_id,global_radiation,probability
1,1.4040993818279048,0.528
2,52.92472803370572,0.084
3,110.91192957749293,0.049
4,179.27831653436223,0.063
5,261.60540313415555,0.043000000000000003
6,361.93909307890027,0.044
7,478.9639518620331,0.034
8,584.1803327696994,0.041
9,683.8343263494538,0.029
10,762.4770634049501,0.027
11,883.5841529477975,0.029
12,998.9851585206058,0.029
